Date,Date,Price,Signal,Returns
2023-01-28 00:00:00+00:00,2023-01-28 00:00:00+00:00,23.981801986694336,0.0,0.0
2023-01-29 00:00:00+00:00,2023-01-29 00:00:00+00:00,26.132387161254883,0.0,0.0
2023-01-30 00:00:00+00:00,2023-01-30 00:00:00+00:00,23.946321487426758,0.0,-0.0
2023-01-31 00:00:00+00:00,2023-01-31 00:00:00+00:00,23.952547073364258,0.0,0.0
2023-02-01 00:00:00+00:00,2023-02-01 00:00:00+00:00,24.993358612060547,0.0,0.0
2023-02-02 00:00:00+00:00,2023-02-02 00:00:00+00:00,24.265058517456055,0.0,-0.0
2023-02-03 00:00:00+00:00,2023-02-03 00:00:00+00:00,24.680896759033203,0.0,0.0
2023-02-04 00:00:00+00:00,2023-02-04 00:00:00+00:00,24.317745208740234,0.0,-0.0
2023-02-05 00:00:00+00:00,2023-02-05 00:00:00+00:00,23.493438720703125,0.0,-0.0
2023-02-06 00:00:00+00:00,2023-02-06 00:00:00+00:00,22.706388473510742,0.0,-0.0
2023-02-07 00:00:00+00:00,2023-02-07 00:00:00+00:00,23.861356735229492,0.0,0.0
2023-02-08 00:00:00+00:00,2023-02-08 00:00:00+00:00,23.192670822143555,0.0,-0.0
2023-02-09 00:00:00+00:00,2023-02-09 00:00:00+00:00,20.45212745666504,0.0,-0.0
2023-02-10 00:00:00+00:00,2023-02-10 00:00:00+00:00,20.130109786987305,0.0,-0.0
2023-02-11 00:00:00+00:00,2023-02-11 00:00:00+00:00,20.830095291137695,0.0,0.0
2023-02-12 00:00:00+00:00,2023-02-12 00:00:00+00:00,21.489978790283203,0.0,0.0
2023-02-13 00:00:00+00:00,2023-02-13 00:00:00+00:00,20.79010009765625,0.0,-0.0
2023-02-14 00:00:00+00:00,2023-02-14 00:00:00+00:00,21.824953079223633,0.0,0.0
2023-02-15 00:00:00+00:00,2023-02-15 00:00:00+00:00,23.883901596069336,0.0,0.0
2023-02-16 00:00:00+00:00,2023-02-16 00:00:00+00:00,22.285951614379883,0.0,-0.0
2023-02-17 00:00:00+00:00,2023-02-17 00:00:00+00:00,23.166757583618164,0.0,0.0
2023-02-18 00:00:00+00:00,2023-02-18 00:00:00+00:00,23.478591918945312,0.0,0.0
2023-02-19 00:00:00+00:00,2023-02-19 00:00:00+00:00,24.84075164794922,0.0,0.0
2023-02-20 00:00:00+00:00,2023-02-20 00:00:00+00:00,26.181386947631836,0.0,0.0
2023-02-21 00:00:00+00:00,2023-02-21 00:00:00+00:00,24.948558807373047,0.0,-0.0
2023-02-22 00:00:00+00:00,2023-02-22 00:00:00+00:00,24.18134880065918,0.0,-0.0
2023-02-23 00:00:00+00:00,2023-02-23 00:00:00+00:00,23.900800704956055,0.0,-0.0
2023-02-24 00:00:00+00:00,2023-02-24 00:00:00+00:00,23.053035736083984,0.0,-0.0
2023-02-25 00:00:00+00:00,2023-02-25 00:00:00+00:00,22.523399353027344,0.0,-0.0
2023-02-26 00:00:00+00:00,2023-02-26 00:00:00+00:00,23.256088256835938,0.0,0.0
2023-02-27 00:00:00+00:00,2023-02-27 00:00:00+00:00,22.692588806152344,0.0,-0.0
2023-02-28 00:00:00+00:00,2023-02-28 00:00:00+00:00,21.9163875579834,0.0,-0.0
2023-03-01 00:00:00+00:00,2023-03-01 00:00:00+00:00,22.506431579589844,0.0,0.0
2023-03-02 00:00:00+00:00,2023-03-02 00:00:00+00:00,21.984878540039062,0.0,-0.0
2023-03-03 00:00:00+00:00,2023-03-03 00:00:00+00:00,21.39935302734375,0.0,-0.0
2023-03-04 00:00:00+00:00,2023-03-04 00:00:00+00:00,20.966838836669922,0.0,-0.0
2023-03-05 00:00:00+00:00,2023-03-05 00:00:00+00:00,20.97858428955078,0.0,0.0
2023-03-06 00:00:00+00:00,2023-03-06 00:00:00+00:00,20.635011672973633,0.0,-0.0
2023-03-07 00:00:00+00:00,2023-03-07 00:00:00+00:00,20.244731903076172,0.0,-0.0
2023-03-08 00:00:00+00:00,2023-03-08 00:00:00+00:00,18.421194076538086,0.0,-0.0
2023-03-09 00:00:00+00:00,2023-03-09 00:00:00+00:00,17.308147430419922,0.0,-0.0
2023-03-10 00:00:00+00:00,2023-03-10 00:00:00+00:00,18.243642807006836,0.0,0.0
2023-03-11 00:00:00+00:00,2023-03-11 00:00:00+00:00,18.22584342956543,0.0,-0.0
2023-03-12 00:00:00+00:00,2023-03-12 00:00:00+00:00,20.310531616210938,0.0,0.0
2023-03-13 00:00:00+00:00,2023-03-13 00:00:00+00:00,20.433712005615234,0.0,0.0
2023-03-14 00:00:00+00:00,2023-03-14 00:00:00+00:00,20.92803382873535,0.0,0.0
2023-03-15 00:00:00+00:00,2023-03-15 00:00:00+00:00,19.29098129272461,0.0,-0.0
2023-03-16 00:00:00+00:00,2023-03-16 00:00:00+00:00,19.73054313659668,0.0,0.0
2023-03-17 00:00:00+00:00,2023-03-17 00:00:00+00:00,21.62910270690918,0.0,0.0
2023-03-18 00:00:00+00:00,2023-03-18 00:00:00+00:00,21.19590187072754,0.0,-0.0
2023-03-19 00:00:00+00:00,2023-03-19 00:00:00+00:00,21.90340232849121,0.0,0.0
2023-03-20 00:00:00+00:00,2023-03-20 00:00:00+00:00,22.176464080810547,0.0,0.0
2023-03-21 00:00:00+00:00,2023-03-21 00:00:00+00:00,22.618267059326172,0.0,0.0
2023-03-22 00:00:00+00:00,2023-03-22 00:00:00+00:00,21.480485916137695,0.0,-0.0
2023-03-23 00:00:00+00:00,2023-03-23 00:00:00+00:00,22.216777801513672,0.0,0.0
2023-03-24 00:00:00+00:00,2023-03-24 00:00:00+00:00,20.678855895996094,0.0,-0.0
2023-03-25 00:00:00+00:00,2023-03-25 00:00:00+00:00,20.446645736694336,0.0,-0.0
2023-03-26 00:00:00+00:00,2023-03-26 00:00:00+00:00,20.97551918029785,0.0,0.0
2023-03-27 00:00:00+00:00,2023-03-27 00:00:00+00:00,19.921674728393555,0.0,-0.0
2023-03-28 00:00:00+00:00,2023-03-28 00:00:00+00:00,20.4706974029541,0.0,0.0
2023-03-29 00:00:00+00:00,2023-03-29 00:00:00+00:00,21.111467361450195,0.0,0.0
2023-03-30 00:00:00+00:00,2023-03-30 00:00:00+00:00,20.55104637145996,0.0,-0.0
2023-03-31 00:00:00+00:00,2023-03-31 00:00:00+00:00,21.170495986938477,0.0,0.0
2023-04-01 00:00:00+00:00,2023-04-01 00:00:00+00:00,20.97564125061035,0.0,-0.0
2023-04-02 00:00:00+00:00,2023-04-02 00:00:00+00:00,20.536975860595703,0.0,-0.0
2023-04-03 00:00:00+00:00,2023-04-03 00:00:00+00:00,20.443050384521484,0.0,-0.0
2023-04-04 00:00:00+00:00,2023-04-04 00:00:00+00:00,20.924619674682617,0.0,0.0
2023-04-05 00:00:00+00:00,2023-04-05 00:00:00+00:00,20.966007232666016,0.0,0.0
2023-04-06 00:00:00+00:00,2023-04-06 00:00:00+00:00,20.61012840270996,0.0,-0.0
2023-04-07 00:00:00+00:00,2023-04-07 00:00:00+00:00,20.469940185546875,0.0,-0.0
2023-04-08 00:00:00+00:00,2023-04-08 00:00:00+00:00,20.036449432373047,0.0,-0.0
2023-04-09 00:00:00+00:00,2023-04-09 00:00:00+00:00,20.29946517944336,0.0,0.0
2023-04-10 00:00:00+00:00,2023-04-10 00:00:00+00:00,20.882356643676758,0.0,0.0
2023-04-11 00:00:00+00:00,2023-04-11 00:00:00+00:00,23.018827438354492,0.0,0.0
2023-04-12 00:00:00+00:00,2023-04-12 00:00:00+00:00,23.985305786132812,0.0,0.0
2023-04-13 00:00:00+00:00,2023-04-13 00:00:00+00:00,24.432308197021484,0.0,0.0
2023-04-14 00:00:00+00:00,2023-04-14 00:00:00+00:00,24.772722244262695,0.0,0.0
2023-04-15 00:00:00+00:00,2023-04-15 00:00:00+00:00,24.079378128051758,0.0,-0.0
2023-04-16 00:00:00+00:00,2023-04-16 00:00:00+00:00,25.361927032470703,0.0,0.0
2023-04-17 00:00:00+00:00,2023-04-17 00:00:00+00:00,24.55884552001953,0.0,-0.0
2023-04-18 00:00:00+00:00,2023-04-18 00:00:00+00:00,24.852689743041992,0.0,0.0
2023-04-19 00:00:00+00:00,2023-04-19 00:00:00+00:00,22.71283531188965,0.0,-0.0
2023-04-20 00:00:00+00:00,2023-04-20 00:00:00+00:00,22.181440353393555,0.0,-0.0
2023-04-21 00:00:00+00:00,2023-04-21 00:00:00+00:00,21.278135299682617,0.0,-0.0
2023-04-22 00:00:00+00:00,2023-04-22 00:00:00+00:00,21.816287994384766,0.0,0.0
2023-04-23 00:00:00+00:00,2023-04-23 00:00:00+00:00,21.480138778686523,0.0,-0.0
2023-04-24 00:00:00+00:00,2023-04-24 00:00:00+00:00,21.391069412231445,0.0,-0.0
2023-04-25 00:00:00+00:00,2023-04-25 00:00:00+00:00,21.92725372314453,0.0,0.0
2023-04-26 00:00:00+00:00,2023-04-26 00:00:00+00:00,21.28301239013672,0.0,-0.0
2023-04-27 00:00:00+00:00,2023-04-27 00:00:00+00:00,22.34011459350586,0.0,0.0
2023-04-28 00:00:00+00:00,2023-04-28 00:00:00+00:00,23.366287231445312,0.0,0.0
2023-04-29 00:00:00+00:00,2023-04-29 00:00:00+00:00,23.18299674987793,0.0,-0.0
2023-04-30 00:00:00+00:00,2023-04-30 00:00:00+00:00,22.832014083862305,0.0,-0.0
2023-05-01 00:00:00+00:00,2023-05-01 00:00:00+00:00,21.98663330078125,0.0,-0.0
2023-05-02 00:00:00+00:00,2023-05-02 00:00:00+00:00,22.264978408813477,0.0,0.0
2023-05-03 00:00:00+00:00,2023-05-03 00:00:00+00:00,22.218002319335938,0.0,-0.0
2023-05-04 00:00:00+00:00,2023-05-04 00:00:00+00:00,21.730348587036133,0.0,-0.0
2023-05-05 00:00:00+00:00,2023-05-05 00:00:00+00:00,22.82611083984375,0.0,0.0
2023-05-06 00:00:00+00:00,2023-05-06 00:00:00+00:00,21.974262237548828,0.0,-0.0
2023-05-07 00:00:00+00:00,2023-05-07 00:00:00+00:00,21.844228744506836,0.0,-0.0
2023-05-08 00:00:00+00:00,2023-05-08 00:00:00+00:00,20.65746307373047,0.0,-0.0
2023-05-09 00:00:00+00:00,2023-05-09 00:00:00+00:00,20.683645248413086,0.0,0.0
2023-05-10 00:00:00+00:00,2023-05-10 00:00:00+00:00,20.953710556030273,0.0,0.0
2023-05-11 00:00:00+00:00,2023-05-11 00:00:00+00:00,20.234880447387695,0.0,-0.0
2023-05-12 00:00:00+00:00,2023-05-12 00:00:00+00:00,20.911794662475586,0.0,0.0
2023-05-13 00:00:00+00:00,2023-05-13 00:00:00+00:00,20.86876106262207,0.0,-0.0
2023-05-14 00:00:00+00:00,2023-05-14 00:00:00+00:00,20.953397750854492,0.0,0.0
2023-05-15 00:00:00+00:00,2023-05-15 00:00:00+00:00,21.00718879699707,0.0,0.0
2023-05-16 00:00:00+00:00,2023-05-16 00:00:00+00:00,20.679420471191406,0.0,-0.0
2023-05-17 00:00:00+00:00,2023-05-17 00:00:00+00:00,21.06839942932129,0.0,0.0
2023-05-18 00:00:00+00:00,2023-05-18 00:00:00+00:00,20.348695755004883,0.0,-0.0
2023-05-19 00:00:00+00:00,2023-05-19 00:00:00+00:00,20.349870681762695,0.0,0.0
2023-05-20 00:00:00+00:00,2023-05-20 00:00:00+00:00,20.285446166992188,0.0,-0.0
2023-05-21 00:00:00+00:00,2023-05-21 00:00:00+00:00,19.609437942504883,0.0,-0.0
2023-05-22 00:00:00+00:00,2023-05-22 00:00:00+00:00,19.54204559326172,0.0,-0.0
2023-05-23 00:00:00+00:00,2023-05-23 00:00:00+00:00,20.043182373046875,0.0,0.0
2023-05-24 00:00:00+00:00,2023-05-24 00:00:00+00:00,19.223663330078125,0.0,-0.0
2023-05-25 00:00:00+00:00,2023-05-25 00:00:00+00:00,19.260662078857422,0.0,0.0
2023-05-26 00:00:00+00:00,2023-05-26 00:00:00+00:00,19.36695671081543,0.0,0.0
2023-05-27 00:00:00+00:00,2023-05-27 00:00:00+00:00,20.425233840942383,0.0,0.0
2023-05-28 00:00:00+00:00,2023-05-28 00:00:00+00:00,20.7985782623291,0.0,0.0
2023-05-29 00:00:00+00:00,2023-05-29 00:00:00+00:00,20.586509704589844,0.0,-0.0
2023-05-30 00:00:00+00:00,2023-05-30 00:00:00+00:00,21.25408363342285,0.0,0.0
2023-05-31 00:00:00+00:00,2023-05-31 00:00:00+00:00,20.82450294494629,0.0,-0.0
2023-06-01 00:00:00+00:00,2023-06-01 00:00:00+00:00,20.50221824645996,0.0,-0.0
2023-06-02 00:00:00+00:00,2023-06-02 00:00:00+00:00,21.25759506225586,0.0,0.0
2023-06-03 00:00:00+00:00,2023-06-03 00:00:00+00:00,21.15556526184082,0.0,-0.0
2023-06-04 00:00:00+00:00,2023-06-04 00:00:00+00:00,21.8189754486084,0.0,0.0
2023-06-05 00:00:00+00:00,2023-06-05 00:00:00+00:00,20.07505989074707,0.0,-0.0
2023-06-06 00:00:00+00:00,2023-06-06 00:00:00+00:00,20.398483276367188,0.0,0.0
2023-06-07 00:00:00+00:00,2023-06-07 00:00:00+00:00,18.6342830657959,0.0,-0.0
2023-06-08 00:00:00+00:00,2023-06-08 00:00:00+00:00,18.909475326538086,0.0,0.0
2023-06-09 00:00:00+00:00,2023-06-09 00:00:00+00:00,17.37969970703125,0.0,-0.0
2023-06-10 00:00:00+00:00,2023-06-10 00:00:00+00:00,15.65610122680664,0.0,-0.0
2023-06-11 00:00:00+00:00,2023-06-11 00:00:00+00:00,15.558775901794434,0.0,-0.0
2023-06-12 00:00:00+00:00,2023-06-12 00:00:00+00:00,15.196707725524902,0.0,-0.0
2023-06-13 00:00:00+00:00,2023-06-13 00:00:00+00:00,15.018193244934082,0.0,-0.0
2023-06-14 00:00:00+00:00,2023-06-14 00:00:00+00:00,14.486572265625,0.0,-0.0
2023-06-15 00:00:00+00:00,2023-06-15 00:00:00+00:00,14.759472846984863,0.0,0.0
2023-06-16 00:00:00+00:00,2023-06-16 00:00:00+00:00,15.30825424194336,0.0,0.0
2023-06-17 00:00:00+00:00,2023-06-17 00:00:00+00:00,15.650521278381348,0.0,0.0
2023-06-18 00:00:00+00:00,2023-06-18 00:00:00+00:00,15.43823528289795,0.0,-0.0
2023-06-19 00:00:00+00:00,2023-06-19 00:00:00+00:00,16.073041915893555,0.0,0.0
2023-06-20 00:00:00+00:00,2023-06-20 00:00:00+00:00,16.635231018066406,0.0,0.0
2023-06-21 00:00:00+00:00,2023-06-21 00:00:00+00:00,17.25704574584961,0.0,0.0
2023-06-22 00:00:00+00:00,2023-06-22 00:00:00+00:00,16.642620086669922,0.0,-0.0
2023-06-23 00:00:00+00:00,2023-06-23 00:00:00+00:00,17.149534225463867,0.0,0.0
2023-06-24 00:00:00+00:00,2023-06-24 00:00:00+00:00,16.652862548828125,0.0,-0.0
2023-06-25 00:00:00+00:00,2023-06-25 00:00:00+00:00,16.97138023376465,0.0,0.0
2023-06-26 00:00:00+00:00,2023-06-26 00:00:00+00:00,16.27002716064453,0.0,-0.0
2023-06-27 00:00:00+00:00,2023-06-27 00:00:00+00:00,16.61964988708496,0.0,0.0
2023-06-28 00:00:00+00:00,2023-06-28 00:00:00+00:00,15.98684310913086,0.0,-0.0
2023-06-29 00:00:00+00:00,2023-06-29 00:00:00+00:00,17.970457077026367,0.0,0.0
2023-06-30 00:00:00+00:00,2023-06-30 00:00:00+00:00,18.897321701049805,0.0,0.0
2023-07-01 00:00:00+00:00,2023-07-01 00:00:00+00:00,18.683902740478516,0.0,-0.0
2023-07-02 00:00:00+00:00,2023-07-02 00:00:00+00:00,19.453594207763672,0.0,0.0
2023-07-03 00:00:00+00:00,2023-07-03 00:00:00+00:00,19.240537643432617,0.0,-0.0
2023-07-04 00:00:00+00:00,2023-07-04 00:00:00+00:00,19.14322853088379,0.0,-0.0
2023-07-05 00:00:00+00:00,2023-07-05 00:00:00+00:00,18.99286460876465,0.0,-0.0
2023-07-06 00:00:00+00:00,2023-07-06 00:00:00+00:00,19.729385375976562,0.0,0.0
2023-07-07 00:00:00+00:00,2023-07-07 00:00:00+00:00,21.484664916992188,0.0,0.0
2023-07-08 00:00:00+00:00,2023-07-08 00:00:00+00:00,21.859268188476562,0.0,0.0
2023-07-09 00:00:00+00:00,2023-07-09 00:00:00+00:00,21.3490047454834,0.0,-0.0
2023-07-10 00:00:00+00:00,2023-07-10 00:00:00+00:00,21.31377601623535,0.0,-0.0
2023-07-11 00:00:00+00:00,2023-07-11 00:00:00+00:00,22.092933654785156,0.0,0.0
2023-07-12 00:00:00+00:00,2023-07-12 00:00:00+00:00,21.977602005004883,0.0,-0.0
2023-07-13 00:00:00+00:00,2023-07-13 00:00:00+00:00,26.02569580078125,0.0,0.0
2023-07-14 00:00:00+00:00,2023-07-14 00:00:00+00:00,26.7357177734375,0.0,0.0
2023-07-15 00:00:00+00:00,2023-07-15 00:00:00+00:00,27.391355514526367,0.0,0.0
2023-07-16 00:00:00+00:00,2023-07-16 00:00:00+00:00,27.384082794189453,0.0,-0.0
2023-07-17 00:00:00+00:00,2023-07-17 00:00:00+00:00,26.872766494750977,0.0,-0.0
2023-07-18 00:00:00+00:00,2023-07-18 00:00:00+00:00,25.544504165649414,0.0,-0.0
2023-07-19 00:00:00+00:00,2023-07-19 00:00:00+00:00,26.372352600097656,0.0,0.0
2023-07-20 00:00:00+00:00,2023-07-20 00:00:00+00:00,25.375167846679688,0.0,-0.0
2023-07-21 00:00:00+00:00,2023-07-21 00:00:00+00:00,25.544267654418945,0.0,0.0
2023-07-22 00:00:00+00:00,2023-07-22 00:00:00+00:00,24.535053253173828,0.0,-0.0
2023-07-23 00:00:00+00:00,2023-07-23 00:00:00+00:00,24.766815185546875,0.0,0.0
2023-07-24 00:00:00+00:00,2023-07-24 00:00:00+00:00,23.38149070739746,0.0,-0.0
2023-07-25 00:00:00+00:00,2023-07-25 00:00:00+00:00,23.279321670532227,0.0,-0.0
2023-07-26 00:00:00+00:00,2023-07-26 00:00:00+00:00,25.177053451538086,0.0,0.0
2023-07-27 00:00:00+00:00,2023-07-27 00:00:00+00:00,25.099336624145508,0.0,-0.0
2023-07-28 00:00:00+00:00,2023-07-28 00:00:00+00:00,24.84685707092285,0.0,-0.0
2023-07-29 00:00:00+00:00,2023-07-29 00:00:00+00:00,25.168973922729492,0.0,0.0
2023-07-30 00:00:00+00:00,2023-07-30 00:00:00+00:00,24.261018753051758,0.0,-0.0
2023-07-31 00:00:00+00:00,2023-07-31 00:00:00+00:00,23.720956802368164,0.0,-0.0
2023-08-01 00:00:00+00:00,2023-08-01 00:00:00+00:00,23.99875259399414,0.0,0.0
2023-08-02 00:00:00+00:00,2023-08-02 00:00:00+00:00,23.145721435546875,0.0,-0.0
2023-08-03 00:00:00+00:00,2023-08-03 00:00:00+00:00,22.636049270629883,0.0,-0.0
2023-08-04 00:00:00+00:00,2023-08-04 00:00:00+00:00,22.79361915588379,0.0,0.0
2023-08-05 00:00:00+00:00,2023-08-05 00:00:00+00:00,22.632204055786133,0.0,-0.0
2023-08-06 00:00:00+00:00,2023-08-06 00:00:00+00:00,23.18569564819336,0.0,0.0
2023-08-07 00:00:00+00:00,2023-08-07 00:00:00+00:00,23.068756103515625,0.0,-0.0
2023-08-08 00:00:00+00:00,2023-08-08 00:00:00+00:00,24.211763381958008,0.0,0.0
2023-08-09 00:00:00+00:00,2023-08-09 00:00:00+00:00,24.37852668762207,0.0,0.0
2023-08-10 00:00:00+00:00,2023-08-10 00:00:00+00:00,24.613052368164062,0.0,0.0
2023-08-11 00:00:00+00:00,2023-08-11 00:00:00+00:00,24.582860946655273,0.0,-0.0
2023-08-12 00:00:00+00:00,2023-08-12 00:00:00+00:00,24.90673065185547,0.0,0.0
2023-08-13 00:00:00+00:00,2023-08-13 00:00:00+00:00,24.24288558959961,0.0,-0.0
2023-08-14 00:00:00+00:00,2023-08-14 00:00:00+00:00,25.142822265625,0.0,0.0
2023-08-15 00:00:00+00:00,2023-08-15 00:00:00+00:00,23.89658546447754,0.0,-0.0
2023-08-16 00:00:00+00:00,2023-08-16 00:00:00+00:00,22.811975479125977,0.0,-0.0
2023-08-17 00:00:00+00:00,2023-08-17 00:00:00+00:00,21.70997428894043,0.0,-0.0
2023-08-18 00:00:00+00:00,2023-08-18 00:00:00+00:00,21.335493087768555,0.0,-0.0
2023-08-19 00:00:00+00:00,2023-08-19 00:00:00+00:00,21.879037857055664,0.0,0.0
2023-08-20 00:00:00+00:00,2023-08-20 00:00:00+00:00,21.77327537536621,0.0,-0.0
2023-08-21 00:00:00+00:00,2023-08-21 00:00:00+00:00,21.20825958251953,0.0,-0.0
2023-08-22 00:00:00+00:00,2023-08-22 00:00:00+00:00,20.546541213989258,0.0,-0.0
2023-08-23 00:00:00+00:00,2023-08-23 00:00:00+00:00,21.703624725341797,0.0,0.0
2023-08-24 00:00:00+00:00,2023-08-24 00:00:00+00:00,21.033031463623047,0.0,-0.0
2023-08-25 00:00:00+00:00,2023-08-25 00:00:00+00:00,20.392719268798828,0.0,-0.0
2023-08-26 00:00:00+00:00,2023-08-26 00:00:00+00:00,20.280424118041992,0.0,-0.0
2023-08-27 00:00:00+00:00,2023-08-27 00:00:00+00:00,20.78683853149414,0.0,0.0
2023-08-28 00:00:00+00:00,2023-08-28 00:00:00+00:00,20.557100296020508,0.0,-0.0
2023-08-29 00:00:00+00:00,2023-08-29 00:00:00+00:00,21.780763626098633,0.0,0.0
2023-08-30 00:00:00+00:00,2023-08-30 00:00:00+00:00,20.834903717041016,0.0,-0.0
2023-08-31 00:00:00+00:00,2023-08-31 00:00:00+00:00,19.735092163085938,0.0,-0.0
2023-09-01 00:00:00+00:00,2023-09-01 00:00:00+00:00,19.327844619750977,0.0,-0.0
2023-09-02 00:00:00+00:00,2023-09-02 00:00:00+00:00,19.493743896484375,0.0,0.0
2023-09-03 00:00:00+00:00,2023-09-03 00:00:00+00:00,19.578746795654297,0.0,0.0
2023-09-04 00:00:00+00:00,2023-09-04 00:00:00+00:00,19.499408721923828,0.0,-0.0
2023-09-05 00:00:00+00:00,2023-09-05 00:00:00+00:00,20.272384643554688,0.0,0.0
2023-09-06 00:00:00+00:00,2023-09-06 00:00:00+00:00,19.62002944946289,0.0,-0.0
2023-09-07 00:00:00+00:00,2023-09-07 00:00:00+00:00,19.890499114990234,0.0,0.0
2023-09-08 00:00:00+00:00,2023-09-08 00:00:00+00:00,19.599044799804688,0.0,-0.0
2023-09-09 00:00:00+00:00,2023-09-09 00:00:00+00:00,19.44607162475586,0.0,-0.0
2023-09-10 00:00:00+00:00,2023-09-10 00:00:00+00:00,18.248830795288086,0.0,-0.0
2023-09-11 00:00:00+00:00,2023-09-11 00:00:00+00:00,17.739166259765625,0.0,-0.0
2023-09-12 00:00:00+00:00,2023-09-12 00:00:00+00:00,17.929826736450195,0.0,0.0
2023-09-13 00:00:00+00:00,2023-09-13 00:00:00+00:00,18.402999877929688,0.0,0.0
2023-09-14 00:00:00+00:00,2023-09-14 00:00:00+00:00,18.838306427001953,0.0,0.0
2023-09-15 00:00:00+00:00,2023-09-15 00:00:00+00:00,19.16884422302246,0.0,0.0
2023-09-16 00:00:00+00:00,2023-09-16 00:00:00+00:00,19.140369415283203,0.0,-0.0
2023-09-17 00:00:00+00:00,2023-09-17 00:00:00+00:00,18.831628799438477,0.0,-0.0
2023-09-18 00:00:00+00:00,2023-09-18 00:00:00+00:00,19.657245635986328,0.0,0.0
2023-09-19 00:00:00+00:00,2023-09-19 00:00:00+00:00,20.03618812561035,0.0,0.0
2023-09-20 00:00:00+00:00,2023-09-20 00:00:00+00:00,20.3049373626709,0.0,0.0
2023-09-21 00:00:00+00:00,2023-09-21 00:00:00+00:00,19.47907066345215,0.0,-0.0
2023-09-22 00:00:00+00:00,2023-09-22 00:00:00+00:00,19.43814468383789,0.0,-0.0
2023-09-23 00:00:00+00:00,2023-09-23 00:00:00+00:00,19.47390365600586,0.0,0.0
2023-09-24 00:00:00+00:00,2023-09-24 00:00:00+00:00,19.374290466308594,0.0,-0.0
2023-09-25 00:00:00+00:00,2023-09-25 00:00:00+00:00,19.40414047241211,0.0,0.0
2023-09-26 00:00:00+00:00,2023-09-26 00:00:00+00:00,19.023286819458008,0.0,-0.0
2023-09-27 00:00:00+00:00,2023-09-27 00:00:00+00:00,19.130022048950195,0.0,0.0
2023-09-28 00:00:00+00:00,2023-09-28 00:00:00+00:00,19.957616806030273,0.0,0.0
2023-09-29 00:00:00+00:00,2023-09-29 00:00:00+00:00,20.300655364990234,0.0,0.0
2023-09-30 00:00:00+00:00,2023-09-30 00:00:00+00:00,21.3951473236084,0.0,0.0
2023-10-01 00:00:00+00:00,2023-10-01 00:00:00+00:00,23.83648681640625,0.0,0.0
2023-10-02 00:00:00+00:00,2023-10-02 00:00:00+00:00,23.371700286865234,0.0,-0.0
2023-10-03 00:00:00+00:00,2023-10-03 00:00:00+00:00,23.55269432067871,0.0,0.0
2023-10-04 00:00:00+00:00,2023-10-04 00:00:00+00:00,23.144786834716797,0.0,-0.0
2023-10-05 00:00:00+00:00,2023-10-05 00:00:00+00:00,22.694141387939453,0.0,-0.0
2023-10-06 00:00:00+00:00,2023-10-06 00:00:00+00:00,23.424453735351562,0.0,0.0
2023-10-07 00:00:00+00:00,2023-10-07 00:00:00+00:00,23.287302017211914,0.0,-0.0
2023-10-08 00:00:00+00:00,2023-10-08 00:00:00+00:00,23.24642562866211,0.0,-0.0
2023-10-09 00:00:00+00:00,2023-10-09 00:00:00+00:00,22.118396759033203,0.0,-0.0
2023-10-10 00:00:00+00:00,2023-10-10 00:00:00+00:00,22.10511589050293,0.0,-0.0
2023-10-11 00:00:00+00:00,2023-10-11 00:00:00+00:00,22.00741958618164,0.0,-0.0
2023-10-12 00:00:00+00:00,2023-10-12 00:00:00+00:00,21.300268173217773,0.0,-0.0
2023-10-13 00:00:00+00:00,2023-10-13 00:00:00+00:00,21.834917068481445,0.0,0.0
2023-10-14 00:00:00+00:00,2023-10-14 00:00:00+00:00,22.01171875,0.0,0.0
2023-10-15 00:00:00+00:00,2023-10-15 00:00:00+00:00,21.922027587890625,0.0,-0.0
2023-10-16 00:00:00+00:00,2023-10-16 00:00:00+00:00,23.98295783996582,0.0,0.0
2023-10-17 00:00:00+00:00,2023-10-17 00:00:00+00:00,23.959318161010742,0.0,-0.0
2023-10-18 00:00:00+00:00,2023-10-18 00:00:00+00:00,23.432138442993164,0.0,-0.0
2023-10-19 00:00:00+00:00,2023-10-19 00:00:00+00:00,24.93791961669922,0.0,0.0
2023-10-20 00:00:00+00:00,2023-10-20 00:00:00+00:00,27.033674240112305,0.0,0.0
2023-10-21 00:00:00+00:00,2023-10-21 00:00:00+00:00,29.386228561401367,0.0,0.0
2023-10-22 00:00:00+00:00,2023-10-22 00:00:00+00:00,29.03668212890625,0.0,-0.0
2023-10-23 00:00:00+00:00,2023-10-23 00:00:00+00:00,31.850984573364258,0.0,0.0
2023-10-24 00:00:00+00:00,2023-10-24 00:00:00+00:00,30.15153694152832,0.0,-0.0
2023-10-25 00:00:00+00:00,2023-10-25 00:00:00+00:00,32.46306610107422,0.0,0.0
2023-10-26 00:00:00+00:00,2023-10-26 00:00:00+00:00,32.77549362182617,0.0,0.0
2023-10-27 00:00:00+00:00,2023-10-27 00:00:00+00:00,31.73969841003418,0.0,-0.0
2023-10-28 00:00:00+00:00,2023-10-28 00:00:00+00:00,31.653318405151367,0.0,-0.0
2023-10-29 00:00:00+00:00,2023-10-29 00:00:00+00:00,32.822608947753906,0.0,0.0
2023-10-30 00:00:00+00:00,2023-10-30 00:00:00+00:00,34.962337493896484,0.0,0.0
2023-10-31 00:00:00+00:00,2023-10-31 00:00:00+00:00,38.51951599121094,0.0,0.0
2023-11-01 00:00:00+00:00,2023-11-01 00:00:00+00:00,41.461544036865234,0.0,0.0
2023-11-02 00:00:00+00:00,2023-11-02 00:00:00+00:00,40.20756912231445,0.0,-0.0
2023-11-03 00:00:00+00:00,2023-11-03 00:00:00+00:00,39.51976013183594,0.0,-0.0
2023-11-04 00:00:00+00:00,2023-11-04 00:00:00+00:00,42.346595764160156,0.0,0.0
2023-11-05 00:00:00+00:00,2023-11-05 00:00:00+00:00,41.23860168457031,0.0,-0.0
2023-11-06 00:00:00+00:00,2023-11-06 00:00:00+00:00,42.12858963012695,0.0,0.0
2023-11-07 00:00:00+00:00,2023-11-07 00:00:00+00:00,43.09254455566406,0.0,0.0
2023-11-08 00:00:00+00:00,2023-11-08 00:00:00+00:00,43.18988800048828,0.0,0.0
2023-11-09 00:00:00+00:00,2023-11-09 00:00:00+00:00,45.444828033447266,0.0,0.0
2023-11-10 00:00:00+00:00,2023-11-10 00:00:00+00:00,56.64385223388672,0.0,0.0
2023-11-11 00:00:00+00:00,2023-11-11 00:00:00+00:00,56.1026611328125,0.0,-0.0
2023-11-12 00:00:00+00:00,2023-11-12 00:00:00+00:00,56.15409851074219,0.0,0.0
2023-11-13 00:00:00+00:00,2023-11-13 00:00:00+00:00,51.90705108642578,0.0,-0.0
2023-11-14 00:00:00+00:00,2023-11-14 00:00:00+00:00,56.838375091552734,0.0,0.0
2023-11-15 00:00:00+00:00,2023-11-15 00:00:00+00:00,65.5344009399414,0.0,0.0
2023-11-16 00:00:00+00:00,2023-11-16 00:00:00+00:00,57.871402740478516,0.0,-0.0
2023-11-17 00:00:00+00:00,2023-11-17 00:00:00+00:00,58.41593551635742,0.0,0.0
2023-11-18 00:00:00+00:00,2023-11-18 00:00:00+00:00,58.512725830078125,0.0,0.0
2023-11-19 00:00:00+00:00,2023-11-19 00:00:00+00:00,61.393558502197266,0.0,0.0
2023-11-20 00:00:00+00:00,2023-11-20 00:00:00+00:00,56.53383255004883,0.0,-0.0
2023-11-21 00:00:00+00:00,2023-11-21 00:00:00+00:00,52.00047302246094,0.0,-0.0
2023-11-22 00:00:00+00:00,2023-11-22 00:00:00+00:00,57.588558197021484,0.0,0.0
2023-11-23 00:00:00+00:00,2023-11-23 00:00:00+00:00,56.599369049072266,0.0,-0.0
2023-11-24 00:00:00+00:00,2023-11-24 00:00:00+00:00,56.86643981933594,0.0,0.0
2023-11-25 00:00:00+00:00,2023-11-25 00:00:00+00:00,58.84648895263672,0.0,0.0
2023-11-26 00:00:00+00:00,2023-11-26 00:00:00+00:00,57.6427001953125,0.0,-0.0
2023-11-27 00:00:00+00:00,2023-11-27 00:00:00+00:00,55.06462097167969,0.0,-0.0
2023-11-28 00:00:00+00:00,2023-11-28 00:00:00+00:00,58.19437026977539,0.0,0.0
2023-11-29 00:00:00+00:00,2023-11-29 00:00:00+00:00,59.25012969970703,0.0,0.0
2023-11-30 00:00:00+00:00,2023-11-30 00:00:00+00:00,59.24162292480469,0.0,-0.0
2023-12-01 00:00:00+00:00,2023-12-01 00:00:00+00:00,59.80399703979492,0.0,0.0
2023-12-02 00:00:00+00:00,2023-12-02 00:00:00+00:00,63.83285903930664,0.0,0.0
2023-12-03 00:00:00+00:00,2023-12-03 00:00:00+00:00,63.03996658325195,0.0,-0.0
2023-12-04 00:00:00+00:00,2023-12-04 00:00:00+00:00,61.526615142822266,0.0,-0.0
2023-12-05 00:00:00+00:00,2023-12-05 00:00:00+00:00,60.99483108520508,0.0,-0.0
2023-12-06 00:00:00+00:00,2023-12-06 00:00:00+00:00,61.902957916259766,0.0,0.0
2023-12-07 00:00:00+00:00,2023-12-07 00:00:00+00:00,67.83782958984375,0.0,0.0
2023-12-08 00:00:00+00:00,2023-12-08 00:00:00+00:00,75.00243377685547,0.0,0.0
2023-12-09 00:00:00+00:00,2023-12-09 00:00:00+00:00,72.25760650634766,0.0,-0.0
2023-12-10 00:00:00+00:00,2023-12-10 00:00:00+00:00,74.70588684082031,0.0,0.0
2023-12-11 00:00:00+00:00,2023-12-11 00:00:00+00:00,70.36717224121094,0.0,-0.0
2023-12-12 00:00:00+00:00,2023-12-12 00:00:00+00:00,68.54067993164062,0.0,-0.0
2023-12-13 00:00:00+00:00,2023-12-13 00:00:00+00:00,70.76778411865234,0.0,0.0
2023-12-14 00:00:00+00:00,2023-12-14 00:00:00+00:00,75.62033081054688,0.0,0.0
2023-12-15 00:00:00+00:00,2023-12-15 00:00:00+00:00,72.36898803710938,0.0,-0.0
2023-12-16 00:00:00+00:00,2023-12-16 00:00:00+00:00,73.47350311279297,0.0,0.0
2023-12-17 00:00:00+00:00,2023-12-17 00:00:00+00:00,71.00051879882812,0.0,-0.0
2023-12-18 00:00:00+00:00,2023-12-18 00:00:00+00:00,74.34716033935547,0.0,0.0
2023-12-19 00:00:00+00:00,2023-12-19 00:00:00+00:00,72.9897689819336,0.0,-0.0
2023-12-20 00:00:00+00:00,2023-12-20 00:00:00+00:00,82.19123077392578,0.0,0.0
2023-12-21 00:00:00+00:00,2023-12-21 00:00:00+00:00,93.85481262207031,0.0,0.0
2023-12-22 00:00:00+00:00,2023-12-22 00:00:00+00:00,98.00369262695312,0.0,0.0
2023-12-23 00:00:00+00:00,2023-12-23 00:00:00+00:00,107.59423065185547,0.0,0.0
2023-12-24 00:00:00+00:00,2023-12-24 00:00:00+00:00,112.48521423339844,0.0,0.0
2023-12-25 00:00:00+00:00,2023-12-25 00:00:00+00:00,121.1464614868164,0.0,0.0
2023-12-26 00:00:00+00:00,2023-12-26 00:00:00+00:00,112.6767349243164,0.0,-0.0
2023-12-27 00:00:00+00:00,2023-12-27 00:00:00+00:00,107.02379608154297,0.0,-0.0
2023-12-28 00:00:00+00:00,2023-12-28 00:00:00+00:00,102.10456848144531,0.0,-0.0
2023-12-29 00:00:00+00:00,2023-12-29 00:00:00+00:00,106.31151580810547,0.0,0.0
2023-12-30 00:00:00+00:00,2023-12-30 00:00:00+00:00,101.84508514404297,0.0,-0.0
2023-12-31 00:00:00+00:00,2023-12-31 00:00:00+00:00,101.50582122802734,0.0,-0.0
2024-01-01 00:00:00+00:00,2024-01-01 00:00:00+00:00,109.50868225097656,0.0,0.0
2024-01-02 00:00:00+00:00,2024-01-02 00:00:00+00:00,106.61122131347656,0.0,-0.0
2024-01-03 00:00:00+00:00,2024-01-03 00:00:00+00:00,98.59443664550781,0.0,-0.0
2024-01-04 00:00:00+00:00,2024-01-04 00:00:00+00:00,105.0775375366211,0.0,0.0
2024-01-05 00:00:00+00:00,2024-01-05 00:00:00+00:00,99.97879028320312,0.0,-0.0
2024-01-06 00:00:00+00:00,2024-01-06 00:00:00+00:00,93.85771942138672,0.0,-0.0
2024-01-07 00:00:00+00:00,2024-01-07 00:00:00+00:00,89.2763442993164,0.0,-0.0
2024-01-08 00:00:00+00:00,2024-01-08 00:00:00+00:00,97.79044342041016,0.0,0.0
2024-01-09 00:00:00+00:00,2024-01-09 00:00:00+00:00,99.40918731689453,0.0,0.0
2024-01-10 00:00:00+00:00,2024-01-10 00:00:00+00:00,102.03302001953125,0.0,0.0
2024-01-11 00:00:00+00:00,2024-01-11 00:00:00+00:00,99.90943908691406,0.0,-0.0
2024-01-12 00:00:00+00:00,2024-01-12 00:00:00+00:00,91.72090911865234,0.0,-0.0
2024-01-13 00:00:00+00:00,2024-01-13 00:00:00+00:00,95.73004913330078,0.0,0.0
2024-01-14 00:00:00+00:00,2024-01-14 00:00:00+00:00,94.13314056396484,0.0,-0.0
2024-01-15 00:00:00+00:00,2024-01-15 00:00:00+00:00,94.49022674560547,0.0,0.0
2024-01-16 00:00:00+00:00,2024-01-16 00:00:00+00:00,97.62691497802734,0.0,0.0
2024-01-17 00:00:00+00:00,2024-01-17 00:00:00+00:00,102.0635986328125,0.0,0.0
2024-01-18 00:00:00+00:00,2024-01-18 00:00:00+00:00,94.2509536743164,0.0,-0.0
2024-01-19 00:00:00+00:00,2024-01-19 00:00:00+00:00,93.38616943359375,0.0,-0.0
2024-01-20 00:00:00+00:00,2024-01-20 00:00:00+00:00,92.56983947753906,0.0,-0.0
2024-01-21 00:00:00+00:00,2024-01-21 00:00:00+00:00,90.84843444824219,0.0,-0.0
2024-01-22 00:00:00+00:00,2024-01-22 00:00:00+00:00,83.62281036376953,0.0,-0.0
2024-01-23 00:00:00+00:00,2024-01-23 00:00:00+00:00,84.27450561523438,0.0,0.0
2024-01-24 00:00:00+00:00,2024-01-24 00:00:00+00:00,88.73200988769531,0.0,0.0
2024-01-25 00:00:00+00:00,2024-01-25 00:00:00+00:00,86.88921356201172,0.0,-0.0
2024-01-26 00:00:00+00:00,2024-01-26 00:00:00+00:00,92.44236755371094,0.0,0.0
2024-01-27 00:00:00+00:00,2024-01-27 00:00:00+00:00,94.16321563720703,0.0,0.0
2024-01-28 00:00:00+00:00,2024-01-28 00:00:00+00:00,95.93798065185547,0.0,0.0
2024-01-29 00:00:00+00:00,2024-01-29 00:00:00+00:00,101.56666564941406,0.0,0.0
2024-01-30 00:00:00+00:00,2024-01-30 00:00:00+00:00,101.47297668457031,0.0,-0.0
2024-01-31 00:00:00+00:00,2024-01-31 00:00:00+00:00,97.0287094116211,0.0,-0.0
2024-02-01 00:00:00+00:00,2024-02-01 00:00:00+00:00,97.84669494628906,0.0,0.0
2024-02-02 00:00:00+00:00,2024-02-02 00:00:00+00:00,100.44052124023438,0.0,0.0
2024-02-03 00:00:00+00:00,2024-02-03 00:00:00+00:00,97.8799819946289,0.0,-0.0
2024-02-04 00:00:00+00:00,2024-02-04 00:00:00+00:00,95.47695922851562,0.0,-0.0
2024-02-05 00:00:00+00:00,2024-02-05 00:00:00+00:00,95.54866027832031,0.0,0.0
2024-02-06 00:00:00+00:00,2024-02-06 00:00:00+00:00,96.86107635498047,0.0,0.0
2024-02-07 00:00:00+00:00,2024-02-07 00:00:00+00:00,100.97927856445312,0.0,0.0
2024-02-08 00:00:00+00:00,2024-02-08 00:00:00+00:00,102.78563690185547,0.0,0.0
2024-02-09 00:00:00+00:00,2024-02-09 00:00:00+00:00,106.93333435058594,0.0,0.0
2024-02-10 00:00:00+00:00,2024-02-10 00:00:00+00:00,109.1314697265625,0.0,0.0
2024-02-11 00:00:00+00:00,2024-02-11 00:00:00+00:00,107.49528503417969,0.0,-0.0
2024-02-12 00:00:00+00:00,2024-02-12 00:00:00+00:00,111.99275207519531,0.0,0.0
2024-02-13 00:00:00+00:00,2024-02-13 00:00:00+00:00,112.57930755615234,0.0,0.0
2024-02-14 00:00:00+00:00,2024-02-14 00:00:00+00:00,116.97632598876953,0.0,0.0
2024-02-15 00:00:00+00:00,2024-02-15 00:00:00+00:00,113.69940948486328,0.0,-0.0
2024-02-16 00:00:00+00:00,2024-02-16 00:00:00+00:00,110.44591522216797,0.0,-0.0
2024-02-17 00:00:00+00:00,2024-02-17 00:00:00+00:00,108.98401641845703,0.0,-0.0
2024-02-18 00:00:00+00:00,2024-02-18 00:00:00+00:00,112.17467498779297,0.0,0.0
2024-02-19 00:00:00+00:00,2024-02-19 00:00:00+00:00,111.4853286743164,0.0,-0.0
2024-02-20 00:00:00+00:00,2024-02-20 00:00:00+00:00,108.45964050292969,0.0,-0.0
2024-02-21 00:00:00+00:00,2024-02-21 00:00:00+00:00,105.1252212524414,0.0,-0.0
2024-02-22 00:00:00+00:00,2024-02-22 00:00:00+00:00,101.66979217529297,0.0,-0.0
2024-02-23 00:00:00+00:00,2024-02-23 00:00:00+00:00,99.95469665527344,0.0,-0.0
2024-02-24 00:00:00+00:00,2024-02-24 00:00:00+00:00,104.1335220336914,0.0,0.0
2024-02-25 00:00:00+00:00,2024-02-25 00:00:00+00:00,103.4534912109375,0.0,-0.0
2024-02-26 00:00:00+00:00,2024-02-26 00:00:00+00:00,109.91853332519531,0.0,0.0
2024-02-27 00:00:00+00:00,2024-02-27 00:00:00+00:00,108.3880844116211,0.0,-0.0
2024-02-28 00:00:00+00:00,2024-02-28 00:00:00+00:00,118.05220031738281,0.0,0.0
2024-02-29 00:00:00+00:00,2024-02-29 00:00:00+00:00,125.71151733398438,0.0,0.0
2024-03-01 00:00:00+00:00,2024-03-01 00:00:00+00:00,129.9904022216797,0.0,0.0
2024-03-02 00:00:00+00:00,2024-03-02 00:00:00+00:00,129.70018005371094,0.0,-0.0
2024-03-03 00:00:00+00:00,2024-03-03 00:00:00+00:00,130.45086669921875,0.0,0.0
2024-03-04 00:00:00+00:00,2024-03-04 00:00:00+00:00,133.194580078125,0.0,0.0
2024-03-05 00:00:00+00:00,2024-03-05 00:00:00+00:00,125.70671081542969,0.0,-0.0
2024-03-06 00:00:00+00:00,2024-03-06 00:00:00+00:00,130.7420196533203,0.0,0.0
2024-03-07 00:00:00+00:00,2024-03-07 00:00:00+00:00,143.9778594970703,0.0,0.0
2024-03-08 00:00:00+00:00,2024-03-08 00:00:00+00:00,145.2400360107422,0.0,0.0
2024-03-09 00:00:00+00:00,2024-03-09 00:00:00+00:00,144.6072540283203,0.0,-0.0
2024-03-10 00:00:00+00:00,2024-03-10 00:00:00+00:00,144.5151824951172,0.0,-0.0
2024-03-11 00:00:00+00:00,2024-03-11 00:00:00+00:00,148.75096130371094,0.0,0.0
2024-03-12 00:00:00+00:00,2024-03-12 00:00:00+00:00,151.01544189453125,0.0,0.0
2024-03-13 00:00:00+00:00,2024-03-13 00:00:00+00:00,163.83981323242188,0.0,0.0
2024-03-14 00:00:00+00:00,2024-03-14 00:00:00+00:00,176.67974853515625,0.0,0.0
2024-03-15 00:00:00+00:00,2024-03-15 00:00:00+00:00,182.96469116210938,0.0,0.0
2024-03-16 00:00:00+00:00,2024-03-16 00:00:00+00:00,181.88034057617188,0.0,-0.0
2024-03-17 00:00:00+00:00,2024-03-17 00:00:00+00:00,202.12356567382812,0.0,0.0
2024-03-18 00:00:00+00:00,2024-03-18 00:00:00+00:00,195.9927520751953,0.0,-0.0
2024-03-19 00:00:00+00:00,2024-03-19 00:00:00+00:00,170.0162811279297,0.0,-0.0
2024-03-20 00:00:00+00:00,2024-03-20 00:00:00+00:00,191.54962158203125,0.0,0.0
2024-03-21 00:00:00+00:00,2024-03-21 00:00:00+00:00,179.2207489013672,0.0,-0.0
2024-03-22 00:00:00+00:00,2024-03-22 00:00:00+00:00,174.36370849609375,0.0,-0.0
2024-03-23 00:00:00+00:00,2024-03-23 00:00:00+00:00,172.90225219726562,0.0,-0.0
2024-03-24 00:00:00+00:00,2024-03-24 00:00:00+00:00,183.57345581054688,0.0,0.0
2024-03-25 00:00:00+00:00,2024-03-25 00:00:00+00:00,189.0835418701172,0.0,0.0
2024-03-26 00:00:00+00:00,2024-03-26 00:00:00+00:00,190.69985961914062,0.0,0.0
2024-03-27 00:00:00+00:00,2024-03-27 00:00:00+00:00,186.36146545410156,0.0,-0.0
2024-03-28 00:00:00+00:00,2024-03-28 00:00:00+00:00,189.6216278076172,0.0,0.0
2024-03-29 00:00:00+00:00,2024-03-29 00:00:00+00:00,192.2279510498047,0.0,0.0
2024-03-30 00:00:00+00:00,2024-03-30 00:00:00+00:00,194.3855438232422,0.0,0.0
2024-03-31 00:00:00+00:00,2024-03-31 00:00:00+00:00,202.87413024902344,0.0,0.0
2024-04-01 00:00:00+00:00,2024-04-01 00:00:00+00:00,192.5678253173828,0.0,-0.0
2024-04-02 00:00:00+00:00,2024-04-02 00:00:00+00:00,181.17225646972656,0.0,-0.0
2024-04-03 00:00:00+00:00,2024-04-03 00:00:00+00:00,185.2486114501953,0.0,0.0
2024-04-04 00:00:00+00:00,2024-04-04 00:00:00+00:00,183.95811462402344,0.0,-0.0
2024-04-05 00:00:00+00:00,2024-04-05 00:00:00+00:00,174.5015106201172,0.0,-0.0
2024-04-06 00:00:00+00:00,2024-04-06 00:00:00+00:00,178.91534423828125,0.0,0.0
2024-04-07 00:00:00+00:00,2024-04-07 00:00:00+00:00,179.6498565673828,0.0,0.0
2024-04-08 00:00:00+00:00,2024-04-08 00:00:00+00:00,180.78477478027344,0.0,0.0
2024-04-09 00:00:00+00:00,2024-04-09 00:00:00+00:00,172.4136199951172,0.0,-0.0
2024-04-10 00:00:00+00:00,2024-04-10 00:00:00+00:00,173.43736267089844,0.0,0.0
2024-04-11 00:00:00+00:00,2024-04-11 00:00:00+00:00,172.5763702392578,0.0,-0.0
2024-04-12 00:00:00+00:00,2024-04-12 00:00:00+00:00,153.63546752929688,0.0,-0.0
2024-04-13 00:00:00+00:00,2024-04-13 00:00:00+00:00,139.34169006347656,0.0,-0.0
2024-04-14 00:00:00+00:00,2024-04-14 00:00:00+00:00,151.28494262695312,0.0,0.0
2024-04-15 00:00:00+00:00,2024-04-15 00:00:00+00:00,138.5086212158203,0.0,-0.0
2024-04-16 00:00:00+00:00,2024-04-16 00:00:00+00:00,136.27932739257812,0.0,-0.0
2024-04-17 00:00:00+00:00,2024-04-17 00:00:00+00:00,131.86618041992188,0.0,-0.0
2024-04-18 00:00:00+00:00,2024-04-18 00:00:00+00:00,142.0823974609375,0.0,0.0
2024-04-19 00:00:00+00:00,2024-04-19 00:00:00+00:00,142.6804962158203,0.0,0.0
2024-04-20 00:00:00+00:00,2024-04-20 00:00:00+00:00,151.13356018066406,0.0,0.0
2024-04-21 00:00:00+00:00,2024-04-21 00:00:00+00:00,148.60931396484375,0.0,-0.0
2024-04-22 00:00:00+00:00,2024-04-22 00:00:00+00:00,157.03121948242188,0.0,0.0
2024-04-23 00:00:00+00:00,2024-04-23 00:00:00+00:00,154.70130920410156,0.0,-0.0
2024-04-24 00:00:00+00:00,2024-04-24 00:00:00+00:00,147.74514770507812,0.0,-0.0
2024-04-25 00:00:00+00:00,2024-04-25 00:00:00+00:00,144.89212036132812,0.0,-0.0
2024-04-26 00:00:00+00:00,2024-04-26 00:00:00+00:00,139.10433959960938,0.0,-0.0
2024-04-27 00:00:00+00:00,2024-04-27 00:00:00+00:00,141.28916931152344,0.0,0.0
2024-04-28 00:00:00+00:00,2024-04-28 00:00:00+00:00,137.85641479492188,0.0,-0.0
2024-04-29 00:00:00+00:00,2024-04-29 00:00:00+00:00,137.7766571044922,0.0,-0.0
2024-04-30 00:00:00+00:00,2024-04-30 00:00:00+00:00,126.96270751953125,0.0,-0.0
2024-05-01 00:00:00+00:00,2024-05-01 00:00:00+00:00,134.6279754638672,0.0,0.0
2024-05-02 00:00:00+00:00,2024-05-02 00:00:00+00:00,137.81448364257812,0.0,0.0
2024-05-03 00:00:00+00:00,2024-05-03 00:00:00+00:00,143.77255249023438,0.0,0.0
2024-05-04 00:00:00+00:00,2024-05-04 00:00:00+00:00,146.1350555419922,0.0,0.0
2024-05-05 00:00:00+00:00,2024-05-05 00:00:00+00:00,145.71302795410156,0.0,-0.0
2024-05-06 00:00:00+00:00,2024-05-06 00:00:00+00:00,152.80239868164062,0.0,0.0
2024-05-07 00:00:00+00:00,2024-05-07 00:00:00+00:00,148.1343231201172,0.0,-0.0
2024-05-08 00:00:00+00:00,2024-05-08 00:00:00+00:00,142.29473876953125,0.0,-0.0
2024-05-09 00:00:00+00:00,2024-05-09 00:00:00+00:00,152.84994506835938,0.0,0.0
2024-05-10 00:00:00+00:00,2024-05-10 00:00:00+00:00,146.21690368652344,0.0,-0.0
2024-05-11 00:00:00+00:00,2024-05-11 00:00:00+00:00,145.3143768310547,0.0,-0.0
2024-05-12 00:00:00+00:00,2024-05-12 00:00:00+00:00,143.52081298828125,0.0,-0.0
2024-05-13 00:00:00+00:00,2024-05-13 00:00:00+00:00,147.28233337402344,0.0,0.0
2024-05-14 00:00:00+00:00,2024-05-14 00:00:00+00:00,142.0303955078125,0.0,-0.0
2024-05-15 00:00:00+00:00,2024-05-15 00:00:00+00:00,158.18682861328125,0.0,0.0
2024-05-16 00:00:00+00:00,2024-05-16 00:00:00+00:00,159.116455078125,0.0,0.0
2024-05-17 00:00:00+00:00,2024-05-17 00:00:00+00:00,169.53054809570312,0.0,0.0
2024-05-18 00:00:00+00:00,2024-05-18 00:00:00+00:00,172.5391387939453,0.0,0.0
2024-05-19 00:00:00+00:00,2024-05-19 00:00:00+00:00,170.0913543701172,0.0,-0.0
2024-05-20 00:00:00+00:00,2024-05-20 00:00:00+00:00,186.52049255371094,0.0,0.0
2024-05-21 00:00:00+00:00,2024-05-21 00:00:00+00:00,178.11614990234375,0.0,-0.0
2024-05-22 00:00:00+00:00,2024-05-22 00:00:00+00:00,176.86077880859375,0.0,-0.0
2024-05-23 00:00:00+00:00,2024-05-23 00:00:00+00:00,175.98577880859375,0.0,-0.0
2024-05-24 00:00:00+00:00,2024-05-24 00:00:00+00:00,167.7969207763672,0.0,-0.0
2024-05-25 00:00:00+00:00,2024-05-25 00:00:00+00:00,168.43763732910156,0.0,0.0
2024-05-26 00:00:00+00:00,2024-05-26 00:00:00+00:00,163.3509063720703,0.0,-0.0
2024-05-27 00:00:00+00:00,2024-05-27 00:00:00+00:00,169.9961395263672,0.0,0.0
2024-05-28 00:00:00+00:00,2024-05-28 00:00:00+00:00,168.65084838867188,0.0,-0.0
2024-05-29 00:00:00+00:00,2024-05-29 00:00:00+00:00,168.0726776123047,0.0,-0.0
2024-05-30 00:00:00+00:00,2024-05-30 00:00:00+00:00,166.97653198242188,0.0,-0.0
2024-05-31 00:00:00+00:00,2024-05-31 00:00:00+00:00,165.63771057128906,0.0,-0.0
2024-06-01 00:00:00+00:00,2024-06-01 00:00:00+00:00,166.03067016601562,0.0,0.0
2024-06-02 00:00:00+00:00,2024-06-02 00:00:00+00:00,163.24990844726562,0.0,-0.0
2024-06-03 00:00:00+00:00,2024-06-03 00:00:00+00:00,164.9234619140625,0.0,0.0
2024-06-04 00:00:00+00:00,2024-06-04 00:00:00+00:00,171.8019256591797,0.0,0.0
2024-06-05 00:00:00+00:00,2024-06-05 00:00:00+00:00,173.48291015625,0.0,0.0
2024-06-06 00:00:00+00:00,2024-06-06 00:00:00+00:00,170.01622009277344,0.0,-0.0
2024-06-07 00:00:00+00:00,2024-06-07 00:00:00+00:00,162.50704956054688,0.0,-0.0
2024-06-08 00:00:00+00:00,2024-06-08 00:00:00+00:00,157.96890258789062,0.0,-0.0
2024-06-09 00:00:00+00:00,2024-06-09 00:00:00+00:00,162.08360290527344,0.0,0.0
2024-06-10 00:00:00+00:00,2024-06-10 00:00:00+00:00,158.9280242919922,0.0,-0.0
2024-06-11 00:00:00+00:00,2024-06-11 00:00:00+00:00,149.42898559570312,0.0,-0.0
2024-06-12 00:00:00+00:00,2024-06-12 00:00:00+00:00,155.1775665283203,0.0,0.0
2024-06-13 00:00:00+00:00,2024-06-13 00:00:00+00:00,147.31442260742188,0.0,-0.0
2024-06-14 00:00:00+00:00,2024-06-14 00:00:00+00:00,143.0944366455078,0.0,-0.0
2024-06-15 00:00:00+00:00,2024-06-15 00:00:00+00:00,145.41221618652344,0.0,0.0
2024-06-16 00:00:00+00:00,2024-06-16 00:00:00+00:00,151.12550354003906,0.0,0.0
2024-06-17 00:00:00+00:00,2024-06-17 00:00:00+00:00,143.3342742919922,0.0,-0.0
2024-06-18 00:00:00+00:00,2024-06-18 00:00:00+00:00,137.50399780273438,0.0,-0.0
2024-06-19 00:00:00+00:00,2024-06-19 00:00:00+00:00,135.60960388183594,0.0,-0.0
2024-06-20 00:00:00+00:00,2024-06-20 00:00:00+00:00,133.47296142578125,0.0,-0.0
2024-06-21 00:00:00+00:00,2024-06-21 00:00:00+00:00,134.5883026123047,0.0,0.0
2024-06-22 00:00:00+00:00,2024-06-22 00:00:00+00:00,133.6702423095703,0.0,-0.0
2024-06-23 00:00:00+00:00,2024-06-23 00:00:00+00:00,128.59042358398438,0.0,-0.0
2024-06-24 00:00:00+00:00,2024-06-24 00:00:00+00:00,132.24139404296875,0.0,0.0
2024-06-25 00:00:00+00:00,2024-06-25 00:00:00+00:00,136.5592041015625,0.0,0.0
2024-06-26 00:00:00+00:00,2024-06-26 00:00:00+00:00,136.60914611816406,0.0,0.0
2024-06-27 00:00:00+00:00,2024-06-27 00:00:00+00:00,149.44837951660156,0.0,0.0
2024-06-28 00:00:00+00:00,2024-06-28 00:00:00+00:00,139.70339965820312,0.0,-0.0
2024-06-29 00:00:00+00:00,2024-06-29 00:00:00+00:00,140.01014709472656,0.0,0.0
2024-06-30 00:00:00+00:00,2024-06-30 00:00:00+00:00,146.49249267578125,0.0,0.0
2024-07-01 00:00:00+00:00,2024-07-01 00:00:00+00:00,146.59506225585938,0.0,0.0
2024-07-02 00:00:00+00:00,2024-07-02 00:00:00+00:00,153.7004852294922,0.0,0.0
2024-07-03 00:00:00+00:00,2024-07-03 00:00:00+00:00,140.73141479492188,0.0,-0.0
2024-07-04 00:00:00+00:00,2024-07-04 00:00:00+00:00,127.55081939697266,0.0,-0.0
2024-07-05 00:00:00+00:00,2024-07-05 00:00:00+00:00,134.3693389892578,0.0,0.0
2024-07-06 00:00:00+00:00,2024-07-06 00:00:00+00:00,143.24118041992188,0.0,0.0
2024-07-07 00:00:00+00:00,2024-07-07 00:00:00+00:00,131.7740936279297,0.0,-0.0
2024-07-08 00:00:00+00:00,2024-07-08 00:00:00+00:00,139.4636993408203,0.0,0.0
2024-07-09 00:00:00+00:00,2024-07-09 00:00:00+00:00,141.34844970703125,0.0,0.0
2024-07-10 00:00:00+00:00,2024-07-10 00:00:00+00:00,141.97479248046875,0.0,0.0
2024-07-11 00:00:00+00:00,2024-07-11 00:00:00+00:00,135.8832244873047,0.0,-0.0
2024-07-12 00:00:00+00:00,2024-07-12 00:00:00+00:00,139.52801513671875,0.0,0.0
2024-07-13 00:00:00+00:00,2024-07-13 00:00:00+00:00,141.9249725341797,0.0,0.0
2024-07-14 00:00:00+00:00,2024-07-14 00:00:00+00:00,147.622314453125,0.0,0.0
2024-07-15 00:00:00+00:00,2024-07-15 00:00:00+00:00,159.93397521972656,0.0,0.0
2024-07-16 00:00:00+00:00,2024-07-16 00:00:00+00:00,160.5518798828125,0.0,0.0
2024-07-17 00:00:00+00:00,2024-07-17 00:00:00+00:00,155.5841064453125,0.0,-0.0
2024-07-18 00:00:00+00:00,2024-07-18 00:00:00+00:00,159.07241821289062,0.0,0.0
2024-07-19 00:00:00+00:00,2024-07-19 00:00:00+00:00,169.1858673095703,0.0,0.0
2024-07-20 00:00:00+00:00,2024-07-20 00:00:00+00:00,173.89178466796875,0.0,0.0
2024-07-21 00:00:00+00:00,2024-07-21 00:00:00+00:00,184.54161071777344,0.0,0.0
2024-07-22 00:00:00+00:00,2024-07-22 00:00:00+00:00,178.97828674316406,0.0,-0.0
2024-07-23 00:00:00+00:00,2024-07-23 00:00:00+00:00,172.757568359375,0.0,-0.0
2024-07-24 00:00:00+00:00,2024-07-24 00:00:00+00:00,178.0323028564453,0.0,0.0
2024-07-25 00:00:00+00:00,2024-07-25 00:00:00+00:00,171.96307373046875,0.0,-0.0
2024-07-26 00:00:00+00:00,2024-07-26 00:00:00+00:00,183.13671875,0.0,0.0
2024-07-27 00:00:00+00:00,2024-07-27 00:00:00+00:00,184.0854034423828,0.0,0.0
2024-07-28 00:00:00+00:00,2024-07-28 00:00:00+00:00,184.88607788085938,0.0,0.0
2024-07-29 00:00:00+00:00,2024-07-29 00:00:00+00:00,182.7805938720703,0.0,-0.0
2024-07-30 00:00:00+00:00,2024-07-30 00:00:00+00:00,179.10719299316406,0.0,-0.0
2024-07-31 00:00:00+00:00,2024-07-31 00:00:00+00:00,171.82615661621094,0.0,-0.0
2024-08-01 00:00:00+00:00,2024-08-01 00:00:00+00:00,167.672119140625,0.0,-0.0
2024-08-02 00:00:00+00:00,2024-08-02 00:00:00+00:00,152.6382293701172,0.0,-0.0
2024-08-03 00:00:00+00:00,2024-08-03 00:00:00+00:00,142.9219970703125,0.0,-0.0
2024-08-04 00:00:00+00:00,2024-08-04 00:00:00+00:00,138.05508422851562,0.0,-0.0
2024-08-05 00:00:00+00:00,2024-08-05 00:00:00+00:00,129.8643035888672,0.0,-0.0
2024-08-06 00:00:00+00:00,2024-08-06 00:00:00+00:00,144.09036254882812,0.0,0.0
2024-08-07 00:00:00+00:00,2024-08-07 00:00:00+00:00,144.63209533691406,0.0,0.0
2024-08-08 00:00:00+00:00,2024-08-08 00:00:00+00:00,162.9307403564453,0.0,0.0
2024-08-09 00:00:00+00:00,2024-08-09 00:00:00+00:00,156.45721435546875,0.0,-0.0
2024-08-10 00:00:00+00:00,2024-08-10 00:00:00+00:00,153.95916748046875,0.0,-0.0
2024-08-11 00:00:00+00:00,2024-08-11 00:00:00+00:00,141.52685546875,0.0,-0.0
2024-08-12 00:00:00+00:00,2024-08-12 00:00:00+00:00,146.45423889160156,0.0,0.0
2024-08-13 00:00:00+00:00,2024-08-13 00:00:00+00:00,146.7126922607422,0.0,0.0
2024-08-14 00:00:00+00:00,2024-08-14 00:00:00+00:00,143.9234619140625,0.0,-0.0
2024-08-15 00:00:00+00:00,2024-08-15 00:00:00+00:00,142.74581909179688,0.0,-0.0
2024-08-16 00:00:00+00:00,2024-08-16 00:00:00+00:00,139.33056640625,0.0,-0.0
2024-08-17 00:00:00+00:00,2024-08-17 00:00:00+00:00,141.7985076904297,0.0,0.0
2024-08-18 00:00:00+00:00,2024-08-18 00:00:00+00:00,142.58688354492188,0.0,0.0
2024-08-19 00:00:00+00:00,2024-08-19 00:00:00+00:00,144.34368896484375,0.0,0.0
2024-08-20 00:00:00+00:00,2024-08-20 00:00:00+00:00,143.16773986816406,0.0,-0.0
2024-08-21 00:00:00+00:00,2024-08-21 00:00:00+00:00,142.70960998535156,0.0,-0.0
2024-08-22 00:00:00+00:00,2024-08-22 00:00:00+00:00,143.2579345703125,0.0,0.0
2024-08-23 00:00:00+00:00,2024-08-23 00:00:00+00:00,153.10708618164062,0.0,0.0
2024-08-24 00:00:00+00:00,2024-08-24 00:00:00+00:00,160.73175048828125,0.0,0.0
2024-08-25 00:00:00+00:00,2024-08-25 00:00:00+00:00,158.90911865234375,0.0,-0.0
2024-08-26 00:00:00+00:00,2024-08-26 00:00:00+00:00,157.23687744140625,0.0,-0.0
2024-08-27 00:00:00+00:00,2024-08-27 00:00:00+00:00,146.8970947265625,0.0,-0.0
2024-08-28 00:00:00+00:00,2024-08-28 00:00:00+00:00,143.89138793945312,0.0,-0.0
2024-08-29 00:00:00+00:00,2024-08-29 00:00:00+00:00,140.0540313720703,0.0,-0.0
2024-08-30 00:00:00+00:00,2024-08-30 00:00:00+00:00,138.09999084472656,0.0,-0.0
2024-08-31 00:00:00+00:00,2024-08-31 00:00:00+00:00,135.37425231933594,0.0,-0.0
2024-09-01 00:00:00+00:00,2024-09-01 00:00:00+00:00,128.6905517578125,0.0,-0.0
2024-09-02 00:00:00+00:00,2024-09-02 00:00:00+00:00,135.0023651123047,0.0,0.0
2024-09-03 00:00:00+00:00,2024-09-03 00:00:00+00:00,127.57758331298828,0.0,-0.0
2024-09-04 00:00:00+00:00,2024-09-04 00:00:00+00:00,133.60391235351562,0.0,0.0
2024-09-05 00:00:00+00:00,2024-09-05 00:00:00+00:00,129.32894897460938,0.0,-0.0
2024-09-06 00:00:00+00:00,2024-09-06 00:00:00+00:00,124.99007415771484,0.0,-0.0
2024-09-07 00:00:00+00:00,2024-09-07 00:00:00+00:00,127.72156524658203,0.0,0.0
2024-09-08 00:00:00+00:00,2024-09-08 00:00:00+00:00,129.98951721191406,0.0,0.0
2024-09-09 00:00:00+00:00,2024-09-09 00:00:00+00:00,135.02561950683594,0.0,0.0
2024-09-10 00:00:00+00:00,2024-09-10 00:00:00+00:00,135.63522338867188,0.0,0.0
2024-09-11 00:00:00+00:00,2024-09-11 00:00:00+00:00,132.4973907470703,0.0,-0.0
2024-09-12 00:00:00+00:00,2024-09-12 00:00:00+00:00,136.14190673828125,0.0,0.0
2024-09-13 00:00:00+00:00,2024-09-13 00:00:00+00:00,139.1005401611328,0.0,0.0
2024-09-14 00:00:00+00:00,2024-09-14 00:00:00+00:00,137.17977905273438,0.0,-0.0
2024-09-15 00:00:00+00:00,2024-09-15 00:00:00+00:00,131.4993896484375,0.0,-0.0
2024-09-16 00:00:00+00:00,2024-09-16 00:00:00+00:00,131.47259521484375,0.0,-0.0
2024-09-17 00:00:00+00:00,2024-09-17 00:00:00+00:00,131.53707885742188,0.0,0.0
2024-09-18 00:00:00+00:00,2024-09-18 00:00:00+00:00,133.99185180664062,0.0,0.0
2024-09-19 00:00:00+00:00,2024-09-19 00:00:00+00:00,142.83627319335938,0.0,0.0
2024-09-20 00:00:00+00:00,2024-09-20 00:00:00+00:00,146.56680297851562,0.0,0.0
2024-09-21 00:00:00+00:00,2024-09-21 00:00:00+00:00,149.52703857421875,0.0,0.0
2024-09-22 00:00:00+00:00,2024-09-22 00:00:00+00:00,144.80364990234375,0.0,-0.0
2024-09-23 00:00:00+00:00,2024-09-23 00:00:00+00:00,144.8149871826172,0.0,0.0
2024-09-24 00:00:00+00:00,2024-09-24 00:00:00+00:00,152.89215087890625,0.0,0.0
2024-09-25 00:00:00+00:00,2024-09-25 00:00:00+00:00,148.02342224121094,0.0,-0.0
2024-09-26 00:00:00+00:00,2024-09-26 00:00:00+00:00,155.5760955810547,0.0,0.0
2024-09-27 00:00:00+00:00,2024-09-27 00:00:00+00:00,157.74993896484375,0.0,0.0
2024-09-28 00:00:00+00:00,2024-09-28 00:00:00+00:00,156.9124298095703,0.0,-0.0
2024-09-29 00:00:00+00:00,2024-09-29 00:00:00+00:00,158.62916564941406,0.0,0.0
2024-09-30 00:00:00+00:00,2024-09-30 00:00:00+00:00,152.61846923828125,0.0,-0.0
2024-10-01 00:00:00+00:00,2024-10-01 00:00:00+00:00,145.28988647460938,0.0,-0.0
2024-10-02 00:00:00+00:00,2024-10-02 00:00:00+00:00,140.38555908203125,0.0,-0.0
2024-10-03 00:00:00+00:00,2024-10-03 00:00:00+00:00,136.78518676757812,0.0,-0.0
2024-10-04 00:00:00+00:00,2024-10-04 00:00:00+00:00,143.17227172851562,0.0,0.0
2024-10-05 00:00:00+00:00,2024-10-05 00:00:00+00:00,142.7117462158203,0.0,-0.0
2024-10-06 00:00:00+00:00,2024-10-06 00:00:00+00:00,146.44236755371094,0.0,0.0
2024-10-07 00:00:00+00:00,2024-10-07 00:00:00+00:00,143.99179077148438,0.0,-0.0
2024-10-08 00:00:00+00:00,2024-10-08 00:00:00+00:00,143.39442443847656,0.0,-0.0
2024-10-09 00:00:00+00:00,2024-10-09 00:00:00+00:00,139.31553649902344,0.0,-0.0
2024-10-10 00:00:00+00:00,2024-10-10 00:00:00+00:00,138.88841247558594,0.0,-0.0
2024-10-11 00:00:00+00:00,2024-10-11 00:00:00+00:00,145.3811492919922,0.0,0.0
2024-10-12 00:00:00+00:00,2024-10-12 00:00:00+00:00,146.5002899169922,0.0,0.0
2024-10-13 00:00:00+00:00,2024-10-13 00:00:00+00:00,147.5724334716797,0.0,0.0
2024-10-14 00:00:00+00:00,2024-10-14 00:00:00+00:00,157.44512939453125,0.0,0.0
2024-10-15 00:00:00+00:00,2024-10-15 00:00:00+00:00,154.7206268310547,0.0,-0.0
2024-10-16 00:00:00+00:00,2024-10-16 00:00:00+00:00,154.23422241210938,0.0,-0.0
2024-10-17 00:00:00+00:00,2024-10-17 00:00:00+00:00,150.31602478027344,0.0,-0.0
2024-10-18 00:00:00+00:00,2024-10-18 00:00:00+00:00,154.97593688964844,0.0,0.0
2024-10-19 00:00:00+00:00,2024-10-19 00:00:00+00:00,159.6393585205078,0.0,0.0
2024-10-20 00:00:00+00:00,2024-10-20 00:00:00+00:00,166.9398193359375,0.0,0.0
2024-10-21 00:00:00+00:00,2024-10-21 00:00:00+00:00,166.2168731689453,0.0,-0.0
2024-10-22 00:00:00+00:00,2024-10-22 00:00:00+00:00,167.26014709472656,0.0,0.0
2024-10-23 00:00:00+00:00,2024-10-23 00:00:00+00:00,170.9324951171875,0.0,0.0
2024-10-24 00:00:00+00:00,2024-10-24 00:00:00+00:00,177.1569366455078,0.0,0.0
2024-10-25 00:00:00+00:00,2024-10-25 00:00:00+00:00,164.75689697265625,0.0,-0.0
2024-10-26 00:00:00+00:00,2024-10-26 00:00:00+00:00,170.70596313476562,0.0,0.0
2024-10-27 00:00:00+00:00,2024-10-27 00:00:00+00:00,176.5491943359375,0.0,0.0
2024-10-28 00:00:00+00:00,2024-10-28 00:00:00+00:00,178.1049041748047,0.0,0.0
2024-10-29 00:00:00+00:00,2024-10-29 00:00:00+00:00,179.36074829101562,0.0,0.0
2024-10-30 00:00:00+00:00,2024-10-30 00:00:00+00:00,174.9249725341797,0.0,-0.0
2024-10-31 00:00:00+00:00,2024-10-31 00:00:00+00:00,168.42999267578125,0.0,-0.0
2024-11-01 00:00:00+00:00,2024-11-01 00:00:00+00:00,166.2621307373047,0.0,-0.0
2024-11-02 00:00:00+00:00,2024-11-02 00:00:00+00:00,166.01034545898438,0.0,-0.0
2024-11-03 00:00:00+00:00,2024-11-03 00:00:00+00:00,162.55130004882812,0.0,-0.0
2024-11-04 00:00:00+00:00,2024-11-04 00:00:00+00:00,157.74710083007812,0.0,-0.0
2024-11-05 00:00:00+00:00,2024-11-05 00:00:00+00:00,166.72239685058594,0.0,0.0
2024-11-06 00:00:00+00:00,2024-11-06 00:00:00+00:00,186.9547882080078,0.0,0.0
2024-11-07 00:00:00+00:00,2024-11-07 00:00:00+00:00,196.3345947265625,0.0,0.0
2024-11-08 00:00:00+00:00,2024-11-08 00:00:00+00:00,199.9390106201172,0.0,0.0
2024-11-09 00:00:00+00:00,2024-11-09 00:00:00+00:00,200.19491577148438,0.0,0.0
2024-11-10 00:00:00+00:00,2024-11-10 00:00:00+00:00,210.6137237548828,0.0,0.0
2024-11-11 00:00:00+00:00,2024-11-11 00:00:00+00:00,222.6416778564453,0.0,0.0
2024-11-12 00:00:00+00:00,2024-11-12 00:00:00+00:00,212.2318115234375,0.0,-0.0
2024-11-13 00:00:00+00:00,2024-11-13 00:00:00+00:00,215.18455505371094,0.0,0.0
2024-11-14 00:00:00+00:00,2024-11-14 00:00:00+00:00,209.2190704345703,0.0,-0.0
2024-11-15 00:00:00+00:00,2024-11-15 00:00:00+00:00,218.09490966796875,0.0,0.0
2024-11-16 00:00:00+00:00,2024-11-16 00:00:00+00:00,215.8488311767578,0.0,-0.0
2024-11-17 00:00:00+00:00,2024-11-17 00:00:00+00:00,237.57553100585938,0.0,0.0
2024-11-18 00:00:00+00:00,2024-11-18 00:00:00+00:00,239.79425048828125,0.0,0.0
2024-11-19 00:00:00+00:00,2024-11-19 00:00:00+00:00,238.09754943847656,0.0,-0.0
2024-11-20 00:00:00+00:00,2024-11-20 00:00:00+00:00,235.4236602783203,0.0,-0.0
2024-11-21 00:00:00+00:00,2024-11-21 00:00:00+00:00,257.0658874511719,0.0,0.0
2024-11-22 00:00:00+00:00,2024-11-22 00:00:00+00:00,256.5186767578125,0.0,-0.0
2024-11-23 00:00:00+00:00,2024-11-23 00:00:00+00:00,255.1785125732422,0.0,-0.0
2024-11-24 00:00:00+00:00,2024-11-24 00:00:00+00:00,252.91952514648438,0.0,-0.0
2024-11-25 00:00:00+00:00,2024-11-25 00:00:00+00:00,234.4466094970703,0.0,-0.0
2024-11-26 00:00:00+00:00,2024-11-26 00:00:00+00:00,230.9781951904297,0.0,-0.0
2024-11-27 00:00:00+00:00,2024-11-27 00:00:00+00:00,242.30221557617188,0.0,0.0
2024-11-28 00:00:00+00:00,2024-11-28 00:00:00+00:00,237.76400756835938,0.0,-0.0
2024-11-29 00:00:00+00:00,2024-11-29 00:00:00+00:00,243.54949951171875,0.0,0.0
2024-11-30 00:00:00+00:00,2024-11-30 00:00:00+00:00,237.74374389648438,0.0,-0.0
2024-12-01 00:00:00+00:00,2024-12-01 00:00:00+00:00,237.06993103027344,0.0,-0.0
2024-12-02 00:00:00+00:00,2024-12-02 00:00:00+00:00,225.75619506835938,0.0,-0.0
2024-12-03 00:00:00+00:00,2024-12-03 00:00:00+00:00,234.2003173828125,0.0,0.0
2024-12-04 00:00:00+00:00,2024-12-04 00:00:00+00:00,229.11929321289062,0.0,-0.0
2024-12-05 00:00:00+00:00,2024-12-05 00:00:00+00:00,233.9987030029297,0.0,0.0
2024-12-06 00:00:00+00:00,2024-12-06 00:00:00+00:00,237.0510711669922,0.0,0.0
2024-12-07 00:00:00+00:00,2024-12-07 00:00:00+00:00,238.54795837402344,0.0,0.0
2024-12-08 00:00:00+00:00,2024-12-08 00:00:00+00:00,236.67233276367188,0.0,-0.0
2024-12-09 00:00:00+00:00,2024-12-09 00:00:00+00:00,217.34146118164062,0.0,-0.0
2024-12-10 00:00:00+00:00,2024-12-10 00:00:00+00:00,213.82461547851562,0.0,-0.0
2024-12-11 00:00:00+00:00,2024-12-11 00:00:00+00:00,227.44683837890625,0.0,0.0
2024-12-12 00:00:00+00:00,2024-12-12 00:00:00+00:00,227.02671813964844,0.0,-0.0
2024-12-13 00:00:00+00:00,2024-12-13 00:00:00+00:00,224.83729553222656,0.0,-0.0
2024-12-14 00:00:00+00:00,2024-12-14 00:00:00+00:00,219.84075927734375,0.0,-0.0
2024-12-15 00:00:00+00:00,2024-12-15 00:00:00+00:00,223.6576690673828,0.0,0.0
2024-12-16 00:00:00+00:00,2024-12-16 00:00:00+00:00,216.3349609375,0.0,-0.0
2024-12-17 00:00:00+00:00,2024-12-17 00:00:00+00:00,222.8167266845703,0.0,0.0
2024-12-18 00:00:00+00:00,2024-12-18 00:00:00+00:00,206.38174438476562,0.0,-0.0
2024-12-19 00:00:00+00:00,2024-12-19 00:00:00+00:00,194.28451538085938,0.0,-0.0
2024-12-20 00:00:00+00:00,2024-12-20 00:00:00+00:00,194.2081756591797,0.0,-0.0
2024-12-21 00:00:00+00:00,2024-12-21 00:00:00+00:00,181.30145263671875,0.0,-0.0
2024-12-22 00:00:00+00:00,2024-12-22 00:00:00+00:00,180.16891479492188,0.0,-0.0
2024-12-23 00:00:00+00:00,2024-12-23 00:00:00+00:00,189.75369262695312,0.0,0.0
2024-12-24 00:00:00+00:00,2024-12-24 00:00:00+00:00,196.98902893066406,0.0,0.0
2024-12-25 00:00:00+00:00,2024-12-25 00:00:00+00:00,197.4790802001953,0.0,0.0
2024-12-26 00:00:00+00:00,2024-12-26 00:00:00+00:00,188.21810913085938,0.0,-0.0
2024-12-27 00:00:00+00:00,2024-12-27 00:00:00+00:00,183.82847595214844,0.0,-0.0
2024-12-28 00:00:00+00:00,2024-12-28 00:00:00+00:00,195.01353454589844,0.0,0.0
2024-12-29 00:00:00+00:00,2024-12-29 00:00:00+00:00,189.7442626953125,0.0,-0.0
2024-12-30 00:00:00+00:00,2024-12-30 00:00:00+00:00,191.02804565429688,0.0,0.0
2024-12-31 00:00:00+00:00,2024-12-31 00:00:00+00:00,189.2644805908203,0.0,-0.0
2025-01-01 00:00:00+00:00,2025-01-01 00:00:00+00:00,193.8737335205078,0.0,0.0
2025-01-02 00:00:00+00:00,2025-01-02 00:00:00+00:00,207.7670440673828,0.0,0.0
2025-01-03 00:00:00+00:00,2025-01-03 00:00:00+00:00,217.74732971191406,0.0,0.0
2025-01-04 00:00:00+00:00,2025-01-04 00:00:00+00:00,216.6229248046875,0.0,-0.0
2025-01-05 00:00:00+00:00,2025-01-05 00:00:00+00:00,213.3936309814453,0.0,-0.0
2025-01-06 00:00:00+00:00,2025-01-06 00:00:00+00:00,218.72312927246094,0.0,0.0
2025-01-07 00:00:00+00:00,2025-01-07 00:00:00+00:00,202.23025512695312,0.0,-0.0
2025-01-08 00:00:00+00:00,2025-01-08 00:00:00+00:00,197.55905151367188,0.0,-0.0
2025-01-09 00:00:00+00:00,2025-01-09 00:00:00+00:00,185.02528381347656,0.0,-0.0
2025-01-10 00:00:00+00:00,2025-01-10 00:00:00+00:00,187.5791778564453,0.0,0.0
2025-01-11 00:00:00+00:00,2025-01-11 00:00:00+00:00,187.99551391601562,0.0,0.0
2025-01-12 00:00:00+00:00,2025-01-12 00:00:00+00:00,188.5603790283203,0.0,0.0
2025-01-13 00:00:00+00:00,2025-01-13 00:00:00+00:00,182.83535766601562,0.0,-0.0
2025-01-14 00:00:00+00:00,2025-01-14 00:00:00+00:00,187.49859619140625,0.0,0.0
2025-01-15 00:00:00+00:00,2025-01-15 00:00:00+00:00,205.91134643554688,0.0,0.0
2025-01-16 00:00:00+00:00,2025-01-16 00:00:00+00:00,211.22784423828125,0.0,0.0
2025-01-17 00:00:00+00:00,2025-01-17 00:00:00+00:00,219.62161254882812,0.0,0.0
2025-01-18 00:00:00+00:00,2025-01-18 00:00:00+00:00,261.8697509765625,0.0,0.0
2025-01-19 00:00:00+00:00,2025-01-19 00:00:00+00:00,250.58636474609375,0.0,-0.0
2025-01-20 00:00:00+00:00,2025-01-20 00:00:00+00:00,242.25022888183594,0.0,-0.0
2025-01-21 00:00:00+00:00,2025-01-21 00:00:00+00:00,250.41378784179688,0.0,0.0
2025-01-22 00:00:00+00:00,2025-01-22 00:00:00+00:00,257.23736572265625,0.0,0.0
2025-01-23 00:00:00+00:00,2025-01-23 00:00:00+00:00,253.4552001953125,0.0,-0.0
2025-01-24 00:00:00+00:00,2025-01-24 00:00:00+00:00,253.36122131347656,0.0,-0.0
2025-01-25 00:00:00+00:00,2025-01-25 00:00:00+00:00,256.0735778808594,0.0,0.0
2025-01-26 00:00:00+00:00,2025-01-26 00:00:00+00:00,240.88345336914062,0.0,-0.0
2025-01-28 00:00:00+00:00,2025-01-28 00:00:00+00:00,235.6337890625,0.0,-0.0
